2021-01-12 09:58:47,"Mam na sprzedanie wszystkie trzy ksiÄ…Å¼ki Johna Greena w stanie bardzo dobrym, przeczytane raz. Cena za caÅ‚oÅ›Ä‡ to 45â€¦ https://t.co/mDOddWdOQm"
2021-01-11 21:52:15,"@mrspiwowarka Warto Ä‡wiczyÄ‡ niezaleÅ¼nie od okolicznoÅ›ci ğŸ‘
https://t.co/5A2y8EReFb
Zapraszamy do zapoznania siÄ™ z naâ€¦ https://t.co/JTasAW9zzz"
2021-01-11 19:30:37,"Panie @_kowalskimarian, coÅ› co pana zainteresuje. Kara od #UOKIK dla sieci sieci #fitness. https://t.co/aQdGiq57i5"
2021-01-11 19:26:34,"â˜ï¸ @UOKiKgovPL udowodniÅ‚ nieuczciwe praktyki m. in. znanej sieci, ktÃ³ra ma we #WrocÅ‚aw.iu kilkanaÅ›cie #siÅ‚ownieâ€¦ https://t.co/rggkzc9IVy"
2021-01-11 16:22:22,"Noworoczne postanowienia â€“ 5 krokÃ³w do lepszej sylwetki i samopoczucia https://t.co/VB38lJv1LJ 

#MondayMotivationâ€¦ https://t.co/RcW7dYELGk"
2021-01-11 14:49:33,"Zmowa w branÅ¼y fitness? UOKiK naÅ‚oÅ¼yÅ‚ ogromne kary!

#UOKiK #fitness #prawo 

https://t.co/5eT71dLdXi"
2021-01-11 14:08:35,Pozew przeciwko Skarbowi PaÅ„stwa ma byÄ‡ odpowiedziÄ… branÅ¼y #fitness na restrykcje zwiÄ…zane z #koronawirus. @PFF_PLâ€¦ https://t.co/Rh7LsY1SGN
2021-01-11 13:00:29,Argumenty nie przekonaÅ‚y prezesa @UOKiKgovPLi 8 firm oraz grupa menadÅ¼erÃ³w zapÅ‚aci surowe kary za porozumienie ograâ€¦ https://t.co/Um03OM7GB9
2021-01-11 12:51:13,"UOKiK naÅ‚oÅ¼yÅ‚ kary w Å‚Ä…cznej wysokoÅ›ci ponad 32 mln zÅ‚ na najwiÄ™ksze sieci fitness, w tym spÃ³Å‚kÄ™ #BenefitSystems, oâ€¦ https://t.co/Y5QUb2SlST"
2021-01-11 12:46:45,"PONAD 32 MLN ZÅ KARY NA NAJWIÄ˜KSZE SIECI FITNESS
https://t.co/Ob0h2xCSkV
#fitness #kara #benefits #multisport @UOKiKgovPL"
2021-01-11 12:18:09,"W ramach #fitstyczen koniecznie sprawdÅºcie kategoriÄ™ ""Sport"" w #LESS_ ğŸ’ª Klik: https://t.co/AS5yxGdRsX

Z nami zrealâ€¦ https://t.co/K39Y36hoS0"
2021-01-11 11:53:51,BranÅ¼a #fitness dewastowana przez skutki pandemii dostaÅ‚a jeszcze ponad 32 mln zÅ‚ kary od @UOKiKgovPL za ograniczanâ€¦ https://t.co/XNjymSODSo
2021-01-11 10:51:49,"UOKiK naÅ‚oÅ¼yÅ‚ ponad 32 mln zÅ‚ kary na najwiÄ™ksze sieci fitness - https://t.co/wvzkpC5P7J 

#uokik #fitness #kara #multisport"
2021-01-11 10:31:24,"#UOKiK naÅ‚oÅ¼yÅ‚ Å‚Ä…cznie ponad 32 mln zÅ‚ kary na sieci #fitness za zmowÄ™ na rynku 
https://t.co/ZJpz3gOJ4p"
2021-01-10 15:56:08,"SiÅ‚ownie zamkniÄ™te? Åupanie drewna przez godzinÄ™ podnosi tÄ™tno do wysiÅ‚kowego, spala kilka tysiÄ™cy kalorii, piÄ™knieâ€¦ https://t.co/TSPwqrR7cp"
2021-01-10 09:22:50,"https://t.co/8ATHtsfNvL
#gadgets #colgadgets #coolgadgets #koolgadgets #kitchengadgets #itchengadgetsâ€¦ https://t.co/jeVzpNVGEp"
2021-01-10 08:25:39,"Hej hej! Zapraszam na mojego Instagrama, gdzie wczoraj wleciaÅ‚ nowy poÅ›cik merytoryczny ğŸ˜Š BÄ™dzie mi miÅ‚o, jak zaobsâ€¦ https://t.co/rfve3VOmOh"
2021-01-09 20:10:51,"WiedzieliÅ›cie, Å¼e sport moÅ¼na uprawiaÄ‡ za pomocÄ… telewizora? Nie? Ministerstwo Sportu to przekazaÅ‚o.
Zatem zapomnijâ€¦ https://t.co/d0mZ0MBpGL"
2021-01-08 18:15:02,"Alex Kowalchuk 
#workingoutseries
#alexkowalchuk #viral #dance
#arralex #fitness #muscleÂ  #motivation #workoutâ€¦ https://t.co/Z299yaSIku"
2021-01-08 18:05:31,"Alex Kowalchuk 
#workingoutseries
#alexkowalchuk #viral #dance
#arralex #fitness #muscleÂ  #motivation #workoutâ€¦ https://t.co/5QMIlrgzGy"
2021-01-08 16:55:35,"BranÅ¼a fitness ma doÅ›Ä‡! Zapowiada pozew zbiorowy za lockdown i chce odszkodowaÅ„ za zamkniÄ™cie biznesÃ³w!

#lockdownâ€¦ https://t.co/pMd9vkbzmq"
2021-01-08 14:33:01,"W WSA w @miastoopole zapadÅ‚ wyrok, z ktÃ³rego wynika, Å¼e rozporzÄ…dzenie o obostrzeniach jest niezgodne z prawem. 

-â€¦ https://t.co/dG07gz1lQX"
2021-01-08 13:46:49,"BranÅ¼a fitness przygotowuje pozew zbiorowy o odszkodowanie. WiÄ™cej na: https://t.co/DrihwEwMyt
#retailâ€¦ https://t.co/flPiTbIUQ2"
2021-01-08 09:34:15,"ğŸ¥•Å›niadanieğŸ¥•
Omlet aâ€™la ciasto marchewkowe z nutwheyem salted caramel, sosem fcking delicious chocolate flavour orazâ€¦ https://t.co/OvHzoxfUbg"
2021-01-08 09:32:07,"ZamkniÄ™cie klubÃ³w #fitness i #stokinarciarskie, a nastÄ™pnie wprowadzenie #podatekcukrowy, Å¼eby ludzie prowadziliâ€¦ https://t.co/n5jRlWldVq"
2021-01-08 08:33:34,#fitness Logan Yoga and Fitness on Studio 3 - WSAZ https://t.co/doMD7Qkr13 https://t.co/C3Zow8WhsX
2021-01-07 21:25:15,"BranÅ¼a fitness zdecydowaÅ‚a siÄ™ wystÄ…piÄ‡ z pozwem zbiorowym przeciwko polskiemu rzÄ…dowi, uznajÄ…c lockdown za niekonsâ€¦ https://t.co/vEhJ1oyeKt"
2021-01-07 20:05:50,taka owsianka dzisiaj na Å›niadankoâœ¨ po wiÄ™cej zapraszam na mojego tik toka #fitness #fitstyczeÅ„ https://t.co/mVWvsJim1t
2021-01-07 16:04:23,ZrobiÅ‚am dzisiaj super trening wczoraj miaÅ‚am taki dzieÅ„ do dupy ale dzisiaj wszystko poszÅ‚o gÅ‚adko ğŸ¥° ah kocham toâ€¦ https://t.co/6ahIHMNPXG
2021-01-07 11:08:57,Jak schudne to automatycznie schudnÄ… mi Å‚ydki? Bo we wszystkim przemianach laski majÄ… takie same Å‚ydki i nie wiemâ€¦ https://t.co/1wfgXH13k0
2021-01-07 08:52:15,"Nowa kolekcja Sinsay Gym Hard nawiÄ…zuje do popularnego trendu na samodzielne treningi, ktÃ³re Å‚Ä…czÄ… rozciÄ…ganie i meâ€¦ https://t.co/736X94fXqY"
2021-01-07 08:47:02,Jak zrobiÄ‡ idealnÄ… owsiankÄ™ ? Przepis znajdziecie tutaj https://t.co/2HPObmQLF8 #przepis #owsianka #fitstyczenâ€¦ https://t.co/1mFxjiY4LZ
2021-01-06 17:56:26,"Przedstawiamy nasz zespÃ³Å‚ od prawej masaÅ¼ystka Monika, masaÅ¼ystka Patrycja, fizjoterapeutka Joanna i masaÅ¼ysta Åukaâ€¦ https://t.co/z8pfbF1n35"
2021-01-06 17:40:25,"CzekajÄ…c na zakoÅ„czenie obostrzeÅ„ w branÅ¼y #fitness zapraszamy do zapisÃ³w do Projektu ""MasaÅ¼ drogÄ… do zdrowia i rehâ€¦ https://t.co/okBMF7TdEF"
2021-01-06 17:32:19,"BWSVLOG#3 juÅ¼ jest! Zapraszam do oglÄ…dania ğŸ’ªğŸ» 
https://t.co/MduHjjrUwX
#streetworkout #workout #bodybuildingâ€¦ https://t.co/JoJzy62KFT"
2021-01-06 16:56:25,"Photo by: Daniel Arjona

#tennis #tennisplayer #tennislife #sport #tenis #sports 
#tennislove #tennistrainingâ€¦ https://t.co/naLLAHjdj0"
2021-01-06 16:01:32,Kluby fitness mogÄ… spokojnie dziaÅ‚aÄ‡ â€“ ograniczenia rzadu sÄ… bezprawne! https://t.co/COfKWpDwiu #Fitness #koronawirus #Morawiecki
2021-01-06 15:29:18,"https://t.co/XlCqTz7kOJ

Zapraszam tutaj trochÄ™ info na temat 19day bodyweight plan

#fitstyczen #fitness #FitnessMotivation"
2021-01-05 20:47:13,"Halo branÅ¼a #fitness w #Poznan ğŸ‹ï¸â€â™‚ï¸
Gdzie znajdÄ™ jakieÅ› przyjazne miejsce, ktÃ³re umoÅ¼liwi przygotowanie do zawodÃ³wâ€¦ https://t.co/n2X0JH4Tze"
2021-01-05 11:23:56,"#workingoutseries
#alexkowalchuk #viral #dance
#arralex #fitness #muscleÂ  #motivation #workout #fitnessmodel #fypâ€¦ https://t.co/QGTL6PVP80"
2021-01-05 10:34:57,"#515am #TuesdayMorning
#theusualsuspects #earlymorningbirds
#selfie w/legendary #coach #HectorRoca 
.â€¦ https://t.co/TVrPOcVEtP"
