2021-01-10 16:38:02,"Sk≈Çadanie mebli z #ikea z gorƒÖczka 
#niepolecam"
2021-01-10 00:48:15,"@Emill1984 Albo do z≈Ço≈ºenia üòÇ
A, nie, to jakbym w #ikea zam√≥wi≈Ç ü§£"
2021-01-08 21:01:01,EJ czy #IKEA to rzƒÖd bo takie mam wtf bo mnie tu pisze IKEJA i ≈ºe rza
2021-01-08 12:16:14,#IKEA w #Szczecin'ie. Kiedy otwarcie? Znamy termin! Pierwsze nieoficjalne informacje. https://t.co/TBzShKgQyw
2021-01-07 18:10:29,@definition74 @FlyboyPitt @PBondaryk Jak meble z #ikea. Tektura falista w ≈õrodku.
2021-01-06 18:48:46,CZY IKEA JEST OTWARTA PROSZE POWIE KTO≈ö #TWEETME #IKEA #JAJKO #IKEA #KRZESLO #Duda @IKEAPolska  CZY JESTESCIE OTWARCI prosze powiedzcie:(
2021-01-06 13:59:00,"#IKEA jak zawsze na du≈ºym propsie. 

https://t.co/UzrVRbnbap"
2021-01-06 09:59:30,"Widzieli≈õcie takie atrapy w polskich sklepach? #nextgen #ps5 #xsx #ikea
https://t.co/ibwECBXKYK"
2021-01-05 16:55:33,"IKEA jak zwykle nie zawodzi. #IKEA #Sony #Microsoft #XboxSeriesX #PlayStation5 #Konsole 

https://t.co/U9IHbD0g4Q https://t.co/drDHXFhMDj"
2021-01-05 14:26:57,Tylko #IKEA tak umie. #reklama #advertising https://t.co/5pAoWieJTq
