2021-01-12 10:56:40,"Czy Ty teÅ¼ bez porannej kawy czujesz siÄ™ niekompletnie ubrany? JakbyÅ› jednÄ… nogÄ… byÅ‚ jeszcze w Å‚Ã³Å¼ku?

WiÄ™cej inspiâ€¦ https://t.co/ISjGe4cP0t"
2021-01-12 07:34:25,"Kawa typu mocarz.

#kawa #kawunia #kawusia https://t.co/tEahTWrCYu"
2021-01-12 07:27:24,Mleczko do #kawa?ğŸ˜› https://t.co/BsYwh29u6E
2021-01-12 05:41:53,"Czy wiecie, Å¼e Amerykanie wydajÄ… Å›rednio 1,092$ rocznie na kawÄ™ â˜•ï¸. To okoÅ‚o 20 dolarÃ³w ğŸ’µtygodniowo. Dla porÃ³wnaniaâ€¦ https://t.co/TtTOOIZVVf"
2021-01-12 05:00:00,DzieÅ„ dobry wszystkim. #Kawa nr 1 :) https://t.co/LiqHkARmgA
2021-01-11 16:03:13,"One of the coolest and easiest brewing method. 
Which is the one brewing gear you love the most?

Repost -&gt;â€¦ https://t.co/S3dPwS1ytH"
2021-01-11 13:36:44,Pracowity poniedziaÅ‚ek. DziÅ› mieliÅ›my przyjemnoÅ›Ä‡ goÅ›ciÄ‡ w pracy Mariusz KozÅ‚owski z Max50. Porozmawialismy o kawacâ€¦ https://t.co/7LywA5sNA6
2021-01-11 12:31:58,"@SybiKyme Nastal poniedzialek, czas gagatkow Dobrego dnia Sybi #kawa ğŸ˜‰ğŸ˜ğŸ˜ğŸ™ƒâ˜•ğŸ˜"
2021-01-11 08:24:50,"MiÅ‚ego poniedziaÅ‚ku Dziewczyny! Aby ten dzieÅ„ i tydzieÅ„ byÅ‚ dla Was miÅ‚y i przyjemny.

#kawa #poniedziaÅ‚ek #ranoâ€¦ https://t.co/sX76XUtiAh"
2021-01-11 08:10:03,"Szybkie espresso? Idealne kubeczki na energetycznego, kawowego szota. 

#black&amp;white   #dentysta #stomatologâ€¦ https://t.co/Yj0qqNo1Sg"
2021-01-11 07:03:21,"I jak tam minÄ…Å‚ weekend? ByÅ‚o coÅ› parzone w terenie? Pochwalcie siÄ™ ğŸ™ƒ.
â€”â€”â€”
#monko #monkocoffee #kawamonkoâ€¦ https://t.co/YYmgzGcrvx"
2021-01-11 06:31:42,PoniedziaÅ‚kunio Ekipo !!! MiÅ‚ego :) #kawa
2021-01-11 06:09:18,"""Paliwo"" zatankowane ğŸ˜‰ Lecimy z poniedziaÅ‚kowym porankiem â˜•ğŸ§ğŸ¤

#Radio #Gdansk #newsroom #poniedzialek #kawaâ€¦ https://t.co/z8TewQoG1u"
2021-01-11 05:38:51,"Witajcie kawosze ğŸ˜€ ğŸ‘‹

Nasze noworoczne kawy â˜• i herbaty ğŸµ juÅ¼ do Was pÄ™dzÄ… ğŸ˜‰

Przyznajcie siÄ™ szybko kto z Was juÅ¼â€¦ https://t.co/cW3RlGx4Tv"
2021-01-11 05:00:00,DzieÅ„ dobry wszystkim. #Kawa nr 1 :) https://t.co/AblFADuJnD
2021-01-10 15:22:54,"Czas na niedzielny relaks  

#kawa https://t.co/BPsESF2rLo"
2021-01-10 15:16:51,"Wracacie czasami do tego filmu?

Fot. https://t.co/3iOdkENP1n #genealogia #historia #kawa #przykawie #geny #rodzinaâ€¦ https://t.co/yqMZmoq9pf"
2021-01-10 12:10:45,Jest niedziela... jest smaczna kawusia... #gdansk #kawa #niedziela https://t.co/PHIpErXFsL
2021-01-10 08:04:48,"Witajcie miÅ‚oÅ›nicy kawy ğŸ˜€ ğŸ‘‹

Dzisiaj na porannÄ… kawÄ™ â˜• zaprasza nas @_klemka_ ğŸ˜€

ZdjÄ™cie ğŸ“¸ idealne ğŸ˜ jak na niedzieâ€¦ https://t.co/zG7PJea4vB"
2021-01-10 05:00:00,DzieÅ„ dobry wszystkim. #Kawa nr 1 :) https://t.co/iL7miJ40z1
2021-01-09 15:52:13,Magdalena #FrÄ™ch nie wystÄ…pi w kwalifikacjach do #AusOpen . PolkÄ™ wykluczyÅ‚ pozytywny wynik testu na COVID-19. O wyâ€¦ https://t.co/JGHBQDOtwb
2021-01-09 12:31:23,@Kat__Coffee No to dzien bry I #kawa ğŸ˜‰ğŸ˜â˜•
2021-01-09 07:47:16,DzieÅ„ dobry Ekipo :)) #kawa #TeamCzarna
2021-01-09 07:14:34,"Witajcie kawosze ğŸ˜€ ğŸ‘‹

Zapraszamy na porannÄ… kawÄ™ â˜•

Udanego weekendu ğŸ˜€ â˜• ğŸ‘
https://t.co/hplPEm0siS

#kawa #Coffee https://t.co/9CKtROsEui"
2021-01-09 07:13:19,@GenderGosposia Sie wie! #kawa https://t.co/cc1zLORpkV
2021-01-09 05:00:00,DzieÅ„ dobry wszystkim. #Kawa nr 1 :) https://t.co/SQbAK2HzQb
2021-01-08 22:42:47,@yunec @Hipokrateska @MarekGostek4 @Irek31474298 @kaha_katarzyna @naprawdejoanna @Monika01817333 @KohlSchmieâ€¦ https://t.co/7BQMoOl5cj
2021-01-08 17:46:25,Polecam. #Kawa z Biedry. Pyszne #espresso ! https://t.co/k5ES1SCEzx
2021-01-08 07:23:55,"Marian zaspaÅ‚, pewnie mu  #kawa nie wyszÅ‚aâ€¦
Z pomocÄ… przybiega #KlubKawowy 
@RTDW_Nowy_Swiat i  pana redaktora Mannâ€¦ https://t.co/VNFaFHnbp0"
2021-01-08 05:00:00,DzieÅ„ dobry wszystkim. #Kawa nr 1 :) https://t.co/tysid8nR16
2021-01-07 17:51:19,"Webinary Genealogii Online od ekspertÃ³w Å›wiatowych na MyHeritage w Styczniu 2021
#genealogia #historia #kawaâ€¦ https://t.co/dTLc7jzh0f"
2021-01-07 17:50:16,"""ZespÃ³Å‚ MyHeritage"" w Rajdzie Dakar 2021! https://t.co/WxPSRKPLHs #genealogia #historia #kawa #przykawie #genyâ€¦ https://t.co/zsNKVbnC3i"
2021-01-07 17:40:52,No proszÄ™! W komentarzach do zamÃ³wieÅ„ prosicie nas nie tylko o specjalne rysunki ğŸ˜… tym razem padÅ‚o na... dowcip. Znâ€¦ https://t.co/6ibtKvbkR4
2021-01-07 16:17:28,Mamy dobre wieÅ›ci dla szczÄ™Å›liwych posiadaczy mÅ‚ynkÃ³w Comandante ğŸ˜ przyjechaÅ‚y do nas dÅ‚uuuuugo wyczekiwane torby -â€¦ https://t.co/sSqOtSC5Ca
2021-01-07 06:35:28,DzieÅ„ dobry Ekipo #Kawa
2021-01-07 05:41:13,"Witajcie miÅ‚oÅ›nicy kawy ğŸ˜€ ğŸ‘‹

WeszliÅ›my juÅ¼ w nowy ğŸ†• rok. Warto na chwilÄ™ siÄ™ zatrzymaÄ‡ i zaplanowaÄ‡ go jak najlepieâ€¦ https://t.co/tLo9Pn7Dko"
2021-01-07 05:00:00,DzieÅ„ dobry wszystkim. #Kawa nr 1 :) https://t.co/yIYPn5a2oQ
2021-01-06 16:31:18,"PrzepiÄ™kna Å›ciana ze zdjÄ™ciami rodzinnymi. Kto ma podobnÄ…?

Fot. DIY Network/Pinterest #genealogia #historia #kawaâ€¦ https://t.co/hdZsnHr4dU"
2021-01-06 10:14:23,"Szwed zuÅ¼ywa rocznie  8 kg kawy 
duÅ¼e potrzeby wynikajÄ… z poÅ‚oÅ¼enia geograficznego.. Przez znacznÄ… czÄ™Å›Ä‡ roku senniâ€¦ https://t.co/eljzT4dSWR"
2021-01-06 07:44:19,"Witajcie miÅ‚oÅ›nicy kawy ğŸ˜€ ğŸ‘‹

Dzisiaj przedstawiamy Wam kolejnÄ… kawÄ™ miesiÄ…ca â˜• ğŸ–¤, ktÃ³rÄ… kupicie przez caÅ‚y miesiÄ…câ€¦ https://t.co/t6QlBw7qft"
2021-01-06 05:00:00,DzieÅ„ dobry wszystkim. #Kawa nr 1 :) https://t.co/IuB00gNZpZ
2021-01-05 18:37:54,"Nowy Rok ğŸ‘‰ Nowy WypaÅ‚ ğŸ”¥â˜•
Data palenia 4.1.2021
Zasmakuj w Å›wieÅ¼o palonej kawie
https://t.co/TgIzobYTsG
.â€¦ https://t.co/EMzGlRWnDL"
2021-01-05 08:26:28,"Kawa Å›wieÅ¼o wypalana to obecnie jedna z najbardziej poÅ¼Ä…danych zalet kawy, ale jak mieÄ‡ pewnoÅ›Ä‡, Å¼e mamy Å›wieÅ¼Ä… kawâ€¦ https://t.co/9m6vysZdpR"
2021-01-05 05:43:32,"Witajcie w kolejnym ""czy wiesz Å¼e"" ğŸ˜ƒğŸ‘‹
Raz w miesiÄ…cu postaramy siÄ™ napisaÄ‡ ciekawostkÄ™ o herbacie ğŸµ. Dzisiaj jest pâ€¦ https://t.co/AldPNoDp24"
