2021-01-12 05:21:19,"@RadioZET_NEWS KiedyÅ› siÄ™ mÃ³wiÅ‚o ""towar spod lady"" -  reglamentowany. Pewnie kaÅ¼da firma chciaÅ‚by aby konsumenci taâ€¦ https://t.co/a65QtdGdC7"
2021-01-11 17:08:11,"NiektÃ³rzy na kryzys nie narzekajÄ… :)

#TVP #TVPiS #nagrody #kryzys

https://t.co/f5kBAXt3hb"
2021-01-11 15:28:23,"#Biznes musi zadaÄ‡ sobie pytania, co jest celem, czy zaleÅ¼y nam tylko na tym, Å¼eby przetrwaÄ‡? Czy moÅ¼e wykorzystaÄ‡â€¦ https://t.co/6TJlkOHBBZ"
2021-01-11 15:14:11,"Wierzymy, Å¼e komuÅ› moÅ¼e siÄ™ przydaÄ‡... #kryzys #szansa #nadzieja #Å›wArnold 
A wszystko na okolicznoÅ›Ä‡ wspomnienia nâ€¦ https://t.co/KyhirIxRJv"
2021-01-09 07:34:37,"Budowa paÅ„stwa opresyjnego. Kolejny etap. Nie bez powodu. Coraz gorszy stan gospodarki, wojny na wielu frontach, itâ€¦ https://t.co/hlLRXYBYL3"
2021-01-08 23:29:23,"Czasy bezlitosne dla celebrytÃ³w i artystÃ³w, przekonali siÄ™ o tym performerzy z Torunia, ktÃ³rzy sÄ… w rozpaczy i na sâ€¦ https://t.co/u53LuZIfzo"
2021-01-08 16:42:10,"Nie wiesz jak dziaÅ‚a obecna #ekonomia? Nie rozumiesz systemu finansowego? 
To wideo edukacyjne wyjaÅ›nia krok po kroâ€¦ https://t.co/f5Jbkipf2E"
2021-01-08 14:53:44,"Na kryzys, ktÃ³ry zagraÅ¼a caÅ‚ej ludzkoÅ›ci, moÅ¼liwe sÄ… dwie odpowiedzi. Jedna z nich to niewykonalna mrzonka, ktÃ³rejâ€¦ https://t.co/ZvVRFcpXvB"
2021-01-08 14:32:27,"""Nasza firma ma plan utrzymania ciÄ…gÅ‚oÅ›ci dziaÅ‚ania. Po co nam jeszcze plan komunikacji kryzysowej?""

NajkrÃ³tsza odâ€¦ https://t.co/TtzRbCUHH1"
2021-01-08 14:22:57,ZarzÄ…dzanie kryzysowe: 20 symptomÃ³w kryzysowego zarzÄ…dzania firmÄ… https://t.co/e1wIKe1GK8 #kryzys #media #pr https://t.co/4TqB9Pogpv
2021-01-08 14:20:07,"Ilu konfliktÃ³w, kÅ‚Ã³tni i nieporozumieÅ„ moglibyÅ›my uniknÄ…Ä‡ gdybyÅ›my przed znalezieniem rozwiÄ…zania razem ustalili oâ€¦ https://t.co/ytcLSYIi2v"
2021-01-08 14:17:09,"Nie ma poÅ¼aru, ktÃ³ry ugaszono za szybko. Nie ma kryzysu, ktÃ³ry siÄ™ skoÅ„czyÅ‚ za wczeÅ›nie. Bez dobrego planu kryzysowâ€¦ https://t.co/ocbsiugZQE"
2021-01-08 14:14:35,10 porad ekspertÃ³w zarzÄ…dzania sytuacjÄ… kryzysowÄ… https://t.co/hFxrZ5K66G #kryzys #media #pr https://t.co/rtxzPDXlTF
2021-01-08 14:11:10,"NiektÃ³rzy szefowie nie przygotowujÄ… planÃ³w kryzysowych, bo bojÄ… siÄ™ odpowiedzialnoÅ›ci. Plan zobowiÄ…zuje do konkretnâ€¦ https://t.co/ixqhHDQZhI"
2021-01-08 14:08:03,"ğŸ§ƒ Ceny produktÃ³w dalej rosnÄ… ğŸ˜± Tu znajdziesz wiÄ™cej ğŸ‘‰ https://t.co/AJ0DF4EhBC
#podyÅ¼ka #corazdroÅ¼ej #kryzysâ€¦ https://t.co/35ri3yW4xL"
2021-01-08 10:32:45,#lockdwon #wyprzedaz #kryzys zydowscy koledzy pisu trzymaja reke na pulsie;... kolejny sukces https://t.co/cBGnoSUKY6
2021-01-07 17:52:49,"@Macronextcom #Kryzys jest co dzieÅ„ za drzwiami gabinetu.

I weÅº tu siÄ™ skup... https://t.co/9XGFajuufD"
2021-01-06 22:39:55,Zamieszanie w USA. Co wzroÅ›nie na wartoÅ›ci? #USA #Elections2020 #zamieszanie #zloto #bitcoin #kryzys #gospodarka #swiat #trump
2021-01-06 17:57:24,Nowy Rok - czas pobudki! Ratujmy gospodarkÄ™ i polskie firmy! ZwÅ‚aszcza z sektora MÅšP. Powstrzymajmy bankructwa i wrâ€¦ https://t.co/L7IagbMOjh
2021-01-06 14:51:06,ktÃ³ra ikona #kryzys https://t.co/xq2ACUoVqP
2021-01-06 13:55:21,"Nawet gdybyÅ›my chcieli, euro w Polsce nie bÄ™dzie przez dÅ‚ugie lata

#euro #kryzys #koronawirus #UE 

https://t.co/dVpJzVH9WZ"
2021-01-06 08:59:00,"@EU_Eurostat, rozpoczÄ…Å‚ publikacjÄ™ European Statistical Recovery Dashboard â€“ miesiÄ™cznych i kwartalnych wskaÅºnikÃ³wâ€¦ https://t.co/3hY7ytYVzo"
2021-01-05 14:13:53,"Banki nie potrzebujÄ… juÅ¼ naszych pieniÄ™dzy do dziaÅ‚ania. Stoimy juÅ¼ na gÅ‚owie czy jeszcze trochÄ™ potrzeba?
#kryzysâ€¦ https://t.co/C2BVYGVbKo"
