2021-01-11 22:27:02,"Nvidia wydaÅ‚a seriÄ™ poprawek bezpieczeÅ„stwa, ktÃ³re rozwiÄ…zujÄ… powaÅ¼ne problemy ze sterownikiem graficznym Nvidia iâ€¦ https://t.co/UNPBVkB2LZ"
2021-01-11 22:23:10,#ASUS #NVIDIA #GeForce GTX 970 4GB #GDDR5 Video #Card (STRIXGTX970DC2OC4GD5) #BuyNOW $110 #deal #ebay video https://t.co/g8SHSbt3QU
2021-01-11 21:28:14,Pew pew #ColdWar #Nvidia #nuketown https://t.co/szXxNpl1dH
2021-01-11 17:16:12,"Karty graficzne NVIDIA GeForce to nie tylko czysta wydajnoÅ›Ä‡, ale rÃ³wnieÅ¼ dodatkowe funkcje takie jak: ray tracing,â€¦ https://t.co/uOgVXkmjY1"
2021-01-11 15:27:31,"Jackie ðŸ’ª

@CDPROJEKTRED #Cyberpunk2077Â Â Â Â Â Â Â Â Â Â Â Â Â Â Â Â Â Â Â Â Â Â Â Â Â Â Â Â Â Â Â Â Â Â Â Â Â Â Â  @CyberpunkGame 
@NVIDIAGeForce #RTXOnâ€¦ https://t.co/iO3Wcxg2Rx"
2021-01-11 14:08:05,"z8f6Px98Co76fb
#battlestations #desktop #gaming #gamer #gamingpc #pcgaming #tech #techie #intel #gamingsetupâ€¦ https://t.co/sP9XpcCZES"
2021-01-11 10:30:10,"Jednak nie bÄ™dzie RTX 3060 Ultra? #Nvidia #RTX3060 

https://t.co/EIzRePlwkd"
2021-01-11 08:30:04,Laptop... nawiÄ…zujÄ…cy do staroÅ¼ytnej kultury BabiloÅ„czykÃ³w? Brzmi oryginalnie. #MSI #Technologia #NVIDIA #Komputeryâ€¦ https://t.co/IOnQM0al5f
2021-01-11 07:16:50,"Laptop z matrycÄ… OLED 16:10, wydajnym procesorem i kartÄ… graficznÄ…? Czemu nie! #Lenovo #YOGA #Komputeryâ€¦ https://t.co/OdymHqkitW"
2021-01-11 06:59:17,"Co ciekawego szykuje @NVIDIAGeForcePL ? #NVIDIA #CES2021 

https://t.co/WC4epW5MRL"
2021-01-09 09:01:11,Dream Machines G1650Ti to nowy laptop odznaczajÄ…cy siÄ™ niezÅ‚Ä… wydajnoÅ›ciÄ… i duÅ¼Ä… mobilnoÅ›ciÄ…. W Å›rodku znajdziemy pâ€¦ https://t.co/a3qgVjNOcL
2021-01-08 08:15:05,"Firma Lenovo, tuÅ¼ przed targami CES w Las Vegas, zaprezentowaÅ‚a laptopy IdeaPad 5 Pro oraz IdeaPad 5i Pro. #Lenovoâ€¦ https://t.co/oibSQcsCP5"
2021-01-07 15:47:56,"Ciekawe, czy Nvidia spodziewaÅ‚a siÄ™ takiego obrotu sprawy?
https://t.co/CdzgqmcuXd #Nvidia #ARM"
2021-01-07 14:30:03,"ZOTAC GAMING GeForce RTX 3070 AMP Holo

#ZOTAC #ZOTACGAMING #GeForce #RTX3080 #PcGaming #Gaming #Gamers #Techâ€¦ https://t.co/AU3dy2Ywnu"
2021-01-07 13:33:00,"RTX 3080 CPU Benchmark, #AMD Ryzen 9 3950X vs. #Intel Core i9 10900K https://t.co/UJgswEVnPq #externalnews #nvidia"
2021-01-07 11:46:24,A jaki z naszych artykuÅ‚Ã³w Tobie spodobaÅ‚ siÄ™ najbardziej? #Technologia #Komputery #AMD #Intel #NVIDIAâ€¦ https://t.co/17FNuFvtLS
2021-01-07 01:16:54,"#nvidia #stock to 10X?! $nvda $pltr #update

https://t.co/0LBAefkBOb https://t.co/CxHaTg46y0"
2021-01-06 17:01:15,PojawiÅ‚ siÄ™ nowy laptop Gigabyte z kartÄ… NVIDIA GeForce RTX 3080 Max-Q Design. Tym samym poznaliÅ›my peÅ‚nÄ… specyfikaâ€¦ https://t.co/C76ZLwI0b8
2021-01-06 10:47:17,"A laptopy bÄ™dziemy od teraz testowaÄ‡ tak! #Komputery #Technologia #Intel #AMD #NVIDIA 

https://t.co/SJVwfd4XWK https://t.co/rnuH9g5TLk"
2021-01-05 15:11:07,"#Nvidia planuje wydaÄ‡ kartÄ™ #GeForce #RTX 3060 ULTRA?

https://t.co/kfh4FJrP5A"
2021-01-05 12:45:34,O karcie GeForce RTX 3060 Ultra sÅ‚yszymy po raz pierwszy. W Å›rodku ma siÄ™ znaleÅºÄ‡ kolejny wariant rdzenia NVIDIA GAâ€¦ https://t.co/Gz0jY3h8sh
2021-01-05 07:44:50,"NVIDIA szykuje nowÄ… kartÄ™, tym razem oznaczonÄ… jako Ultra? @NVIDIAGeForcePL #Nvidia 

https://t.co/uWcMvItr6T"
