2021-01-11 20:00:00,"#PoniedziaÅ‚ek to niezÅ‚y orzech do zgryzienia, ale dajesz radÄ™ !! GratulujÄ™ sobie i Tobie ! #DzieÅ„ minÄ…Å‚ wiÄ™c,â€¦ https://t.co/AoKooLMC2k"
2021-01-11 19:57:25,"Albo las nocÄ…, albo inne horrory. Dzisiaj taki spacer. ğŸ˜‰ğŸ˜
#poniedziaÅ‚ek https://t.co/Y6YMGxaj9V"
2021-01-11 16:44:41,"DzieÅ„ koÅ„czymy rekordowym wynikiem!
#Indeks WIG-CEE wyniÃ³sÅ‚ 1368,7! ğŸ‰ğŸ‘ğŸ½ Poprzedni rekord z dnia 08/01/21 wynosiÅ‚ 13â€¦ https://t.co/I03M9UVAoe"
2021-01-11 15:33:41,"Na zakoÅ„czenie dnia...
Zrobione z auta.
 #zachÃ³dsÅ‚oÅ„ca #poniedziaÅ‚ek https://t.co/7hiCW5hMv3"
2021-01-11 14:56:00,"Cytat na dziÅ› ""Nie waÅ¼ne kogo znasz, waÅ¼ne kto zna Ciebie"" #cytat #byÅ‚oaledobre #poniedziaÅ‚ek"
2021-01-11 14:00:57,"@ZuKaJo9 Przejdzie, miaÅ‚em to samo z rana ğŸ˜˜ #poniedziaÅ‚ek"
2021-01-11 11:36:26,"JuÅ¼ po 12, wiÄ™c moÅ¼na piâ€¦ borowaÄ‡ udarem w Å›cianie! #poniedziaÅ‚ek"
2021-01-11 11:08:18,"@Anakreontyk Nie jest tak Åºle. Mam fajnÄ… zaÅ‚ogÄ™, ale czasem trafi siÄ™ taki #poniedziaÅ‚ek, Å¼e wszystko idzie nie takâ€¦ https://t.co/KulKCc5tbA"
2021-01-11 11:01:30,na przeÅ‚aj... #poniedziaÅ‚ek https://t.co/pSw2yo6gAv
2021-01-11 09:35:01,"#PoniedziaÅ‚ek 11.01.2021
MiÅ‚o CiÄ™ widzieÄ‡ :D
Danie dnia:
- Pomidorowa 4,00 zÅ‚
- Pierogi z miÄ™sem 8szt/12,00 zÅ‚
- Szâ€¦ https://t.co/rKzQbNhAjA"
2021-01-11 08:48:23,"#Krakow Powietrze dziÅ› niestety pozostawia wiele do Å¼yczenia, ale przynajmniej niebo za oknem mamy Å‚adnie niebieskiâ€¦ https://t.co/CbzFZgh9sF"
2021-01-11 08:44:53,"Tak na dobry #poniedziaÅ‚ek taki kadr zzeszlotygodniowego jakÅ¼e istotnie historycznego wydarzenia z USA
Ale z innejâ€¦ https://t.co/pmYAVhKLtx"
2021-01-11 08:24:50,"MiÅ‚ego poniedziaÅ‚ku Dziewczyny! Aby ten dzieÅ„ i tydzieÅ„ byÅ‚ dla Was miÅ‚y i przyjemny.

#kawa #poniedziaÅ‚ek #ranoâ€¦ https://t.co/sX76XUtiAh"
2021-01-11 08:20:52,"Rozpoczynamy kolejny tydzieÅ„! âœˆï¸â˜ºï¸ #pogoda na #airportgdansk: temperatura 0Â°C, wiatr wieje z prÄ™dkoÅ›ciÄ… 18 km/h, ciâ€¦ https://t.co/rZ6JaLPwou"
2021-01-11 08:17:44,"Fajnie siÄ™ Å›wiÄ™towaÅ‚o, fajnie jadÅ‚o pierogi, piÅ‚o ""szampanskoje"", ale teraz trzeba siÄ™ zastanowiÄ‡, co zrobiÄ‡ z tymiâ€¦ https://t.co/qbzyIDSPMD"
2021-01-11 07:55:02,Gotowi na nowy tydzieÅ„? Zacznijcie #poniedziaÅ‚ek z @segfaultevents ! Zobaczcie co o idealnym kandydacie na lidera mâ€¦ https://t.co/O6tQteNrPB
2021-01-11 07:34:09,"Nie ma nic skuteczniejszego na podniesienie ciÅ›nienia od rana niÅ¼ wkur***jÄ…cy pracownik, zrzucajÄ…cy na innych wÅ‚asnâ€¦ https://t.co/VBwRfROaRc"
2021-01-11 07:33:55,"Gotowi na rozpoczÄ™cie kolejnego tygodnia? ğŸ˜€

DziÅ› ponoÄ‡ jest DzieÅ„ SprzÄ…tania Biurka, ale moÅ¼e zacznijmy tenâ€¦ https://t.co/C740Iu5Gd5"
2021-01-11 07:30:50,"Mk 1, 15
Bliskie jest krÃ³lestwo BoÅ¼e. Nawracajcie siÄ™ i wierzcie w EwangeliÄ™. 

Jezus wzywa ludzi do nawrÃ³cenia i pâ€¦ https://t.co/MaMXYbCnfg"
2021-01-11 07:22:58,"Z OSTATNIEJ CHWILI:
PielÄ™gniarka z paraliÅ¼em twarzy po #szczepionce na COVID-19? Seniorzy juÅ¼ w #poniedziaÅ‚ek?"
2021-01-11 07:05:09,"SzukaÅ‚am piosenki o mrozieğŸ˜Š

ZnalazÅ‚am: https://t.co/UF6PXYm4Sj

#PoniedziaÅ‚ek #pogoda #Å›nieg #mrÃ³z https://t.co/b8vdoBwZqa"
2021-01-11 07:01:44,Nowy TydzieÅ„ nowe zdjÄ™cie @MICHALESISZ  #michallesisz #radom #zdjecie #fotka #ja #2021 #mojpokoj #mojdomâ€¦ https://t.co/vTpho64Vp4
2021-01-11 06:38:52,"Pierwsza myÅ›l, kiedy wstajÄ™ z Å‚Ã³Å¼ka, to to, Å¼e nie mogÄ™ siÄ™ doczekaÄ‡ powrotu do Å‚Ã³Å¼ka. #poniedziaÅ‚ek"
2021-01-11 06:09:18,"""Paliwo"" zatankowane ğŸ˜‰ Lecimy z poniedziaÅ‚kowym porankiem â˜•ğŸ§ğŸ¤

#Radio #Gdansk #newsroom #poniedzialek #kawaâ€¦ https://t.co/z8TewQoG1u"
2021-01-11 06:08:56,"MiÅ‚ego dnia! ğŸ˜‡ğŸ–ğŸ˜‰
#poniedzialek https://t.co/4oMhZA7hV2"
2021-01-11 05:07:07,"DzieÅ„ dobry bardzo ğŸ‡µğŸ‡±ğŸ‘ğŸ˜€
Kto rano wstaje ten musi iÅ›Ä‡ do pracy. PoniedziaÅ‚ek to okrutny dzieÅ„, takÅ¼e trzymajcie siÄ™â€¦ https://t.co/DVQYfwFZRD"
2021-01-11 03:58:28,"#poniedziaÅ‚ek 11. stycznia
Do Dnia Wszystkich Fajnych zostaÅ‚o 6 dni
CzoÅ‚em Lenie i Obiboki https://t.co/HPvn5SqoyO"
2021-01-11 00:43:32,"âœ¨wÅ‚aÅ›nie napisaÅ‚am nowy utwÃ³r
âœ¨zapraszam, przeczytajcie

https://t.co/1ZulFQMzRO

#wiersz #mojwiersz #poezjaâ€¦ https://t.co/1DOOZXernf"
2021-01-10 20:12:07,"Jutro #PoniedziaÅ‚ek â˜¹ï¸.
Nie lubiÄ™ poniedziaÅ‚kÃ³w. 
Pozdrawiam ""pogrÄ…Å¼onych"" w smutku."
2021-01-10 19:05:05,"#KrakÃ³w - pytanie, czy jakaÅ› gastronomia jest otwarta, bo jutro tam bÄ™dzie moja wizyta? WiÄ™c takie zapytanie, alboâ€¦ https://t.co/XRN7ynn67p"
2021-01-10 14:45:24,"@DrHania2 Witaj, HanuÅ›. Ten #poniedziaÅ‚ek nie przez wszystkich jest lubianyğŸ™„ğŸ¤£Ale dziÅ› jeszcze wciÄ…Å¼ jest #niedzielaâ€¦ https://t.co/GGWgfmrojN"
2021-01-10 12:09:06,#Krakow #poniedziaÅ‚ek #bezpÅ‚atnakomunikacja #smogalert âš ğŸšŒğŸšŠğŸš 11 stycznia 2021 roku bÄ™dzie obowiÄ…zywaÄ‡ BEZPÅATNA KOMUâ€¦ https://t.co/irSnFMTG4f
2021-01-06 19:06:36,A jutro #poniedziaÅ‚ek kolejny ğŸ¤¨
2021-01-05 05:34:02,"Reset ObywatelskiğŸ‡µğŸ‡±
#poniedziaÅ‚ek 19-21
Dochodzenie prawdy
ğŸ“º@Tomasz5ek 

ğŸ”Wydanie specjalne. NiezwykÅ‚e przygody i mâ€¦ https://t.co/rSeVf3fCts"
