2021-01-12 11:44:33,"#Radom.ska #iluminacja po raz kolejny zosta≈Ça doceniona przez internaut√≥w. W pierwszym etapie plebiscytu ""≈öwieƒá Siƒô‚Ä¶ https://t.co/A8JCBgMWjc"
2021-01-12 11:20:20,"Jaka jest najlepsza pozycja do spania?

üëâ https://t.co/zg3qIWm8VC

#radom #radom24 https://t.co/SvIyNeuTVK"
2021-01-12 11:05:53,#DK12 #mazowieckie #Radom - #Opoczno: na 454. km w m. #Gielni√≥w obowiƒÖzuje ruch naprzemienny. Ciƒô≈ºar√≥wka wpad≈Ça do rowu.
2021-01-12 09:44:11,"Miasto: Przybywa udogodnie≈Ñ dla rowerzyst√≥w [MAPKA]

https://t.co/N6WTIZsuOe

#radom #radom24 https://t.co/MExbloXSv6"
2021-01-12 09:41:26,"#koronawirus: Najwiƒôcej zaka≈ºe≈Ñ odnotowa≈Çy stacje w powiecie #gr√≥https://t.co/HE8wki9mfB i #Radom.iu.
https://t.co/fa7tKS1rZU"
2021-01-12 08:57:53,Ostatniej doby na #blogpi≈Çkarskamafia najchƒôtniej czytali≈õcie artyku: Prokurator chce pisemnego uzasadnienia wyroku‚Ä¶ https://t.co/jduaTtARYR
2021-01-12 07:56:25,"Mocna Rozmowa: Wojciech Skurkiewicz [WIDEO]

Go≈õciem w programie ""Mocna Rozmowa"" w https://t.co/L4Rdtmrmct by≈Ç‚Ä¶ https://t.co/RdlVMgkSoR"
2021-01-12 07:53:13,"Uczniowie klas I-III wracajƒÖ do szk√≥≈Ç. Pozosta≈Çe obostrzenia przed≈Çu≈ºone: https://t.co/WvkuxGWr8O

#radom #radom24 https://t.co/vWZs9DiI6O"
2021-01-12 06:04:27,#Wypadek na #DK12 na trasie #Opoczno - #Radom w m. Gielni√≥w. WystƒôpujƒÖ #utrudnienia w ruchu. #≈Ç√≥dzkie #mazowieckie
2021-01-11 18:31:48,"‚ùóÔ∏è Wypadek ≈õmiertelny na #Mazowsze
#DK12 #mazowieckie #Radom ‚Äì #Opoczno: w m. Gielni√≥w (km 454+500) dosz≈Ço do zderz‚Ä¶ https://t.co/uoYhpaEtEE"
2021-01-11 18:24:54,#Wypadek na #DK12 na trasie #Opoczno - #Radom w m. Gielni√≥w. Droga jest zablokowana. #utrudnienia #mazowieckie #≈Ç√≥dzkie
2021-01-11 14:08:09,Prawie 35 km p≈Çotu na granicy woj. ≈õwiƒôtokrzyskiego i mazowieckiego. Ma chroniƒá przed ASF: https://t.co/XB3QY1ZSdT‚Ä¶ https://t.co/l3PZt3mVln
2021-01-11 12:46:23,LiczƒÖcƒÖ 103 km liniƒô #radom-skƒÖ budowano mniej wiƒôcej p√≥≈Çtora roku. By≈Ço to w latach 30 ubieg≈Çego wieku. Co na to‚Ä¶ https://t.co/GgWjbYR7Z5
2021-01-11 12:31:21,"Tymczasem Echo Dnia poda≈Ço dzisiaj, ≈ºe Jerzy E. junior zosta≈Ç trenerem Mazowsza Gr√≥jec. [NOWY ARTYKU≈Å] #korupcja‚Ä¶ https://t.co/uRklbbWu7k"
2021-01-11 10:42:09,Ostatniej doby na #blogpi≈Çkarskamafia najchƒôtniej czytali≈õcie artyku≈Çy: Komisja Dyscyplinarna PZPN bez odpowiedzi o‚Ä¶ https://t.co/V9vJOiNmTn
2021-01-11 09:08:35,"Foteliki samochodowe 0-25 kg - piƒôƒá rzeczy, o kt√≥rych trzeba wiedzieƒá: https://t.co/C6q5Kjkls1

#radom #radom24 https://t.co/Jv9nsp09Nj"
2021-01-11 07:57:20,"#Radom 

Spacerkiem po mie≈õcie. Drukarnia Trzebi≈Ñskich https://t.co/bAxtCm2rHb przez @twitterdev"
2021-01-11 07:56:18,#Radom 1939 w kolorze. Zobacz niesamowity film https://t.co/wwLbOdtkTL przez @twitterdev
2021-01-11 07:52:16,"W Radomiu powstanie infrastruktura ≈Çadowania e-autobus√≥w https://t.co/TSrjOMfe7z
#elektromobilno≈õƒá #Radom‚Ä¶ https://t.co/rc5eYtCT3D"
2021-01-11 07:49:11,"Mocna Rozmowa: ≈Åukasz Skrzeczy≈Ñski [WIDEO]

Go≈õciem w programie ""Mocna Rozmowa"" w https://t.co/L4Rdtmrmct by≈Ç ≈Åukas‚Ä¶ https://t.co/yN62T4sWJ4"
2021-01-11 07:01:44,Nowy Tydzie≈Ñ nowe zdjƒôcie @MICHALESISZ  #michallesisz #radom #zdjecie #fotka #ja #2021 #mojpokoj #mojdom‚Ä¶ https://t.co/vTpho64Vp4
2021-01-11 06:25:44,Trwa g≈Çosowanie na naj≈ÇadniejszƒÖ iluminacjƒô w powiecie radomskim. Wybieraƒá mo≈ºna do wtorku (12 stycznia).‚Ä¶ https://t.co/TqHv4kOVh8
2021-01-10 17:46:53,"Za nieca≈Çe dwie godziny mecz @KS_CuprumLubin - @_CzarniRadom_. Wa≈ºne spotkanie dla obu dru≈ºyn, bo od miesiƒÖca nie z‚Ä¶ https://t.co/29nQQcZKrO"
2021-01-10 13:19:19,radom jest zajebisty #radom
2021-01-09 18:12:59,"Celem przedsiƒôwziƒôcia jest dostarczenie potrzebujƒÖcym zimowej odzie≈ºy. W mie≈õcie wyznaczono punkty, w kt√≥rych mo≈ºna‚Ä¶ https://t.co/bN5vW7Ie1Z"
2021-01-09 11:31:11,"PostƒôpujƒÖ prace przy modernizacji zalewu na Borkach [ZDJƒòCIA]

https://t.co/5J7ztqf7Za

#radom #radom24 https://t.co/66Up4avETS"
2021-01-08 19:08:26,#Radom Czy w Radomiu zabraknie pielƒôgniarek? https://t.co/csP1qKWYzq
2021-01-08 15:54:06,#Wypadek na #S7 na trasie Tarczyn - #Radom przed wƒôz≈Çem #Gr√≥jec. WystƒôpujƒÖ #utrudnienia w ruchu. #mazowieckie
2021-01-08 12:13:55,"Najpopularniejsze imiona w Radomiu to...? [STATYSTYKI]

https://t.co/xuPNgCyox3

#radom #radom24 https://t.co/tNs9nGTGWH"
2021-01-08 12:09:20,#Nauczyciele z #Radom.ia niechƒôtni do wziƒôcia udzia≈Çu w akcji testowania na obecno≈õƒá #koronawirus.a. To og√≥lnopolsk‚Ä¶ https://t.co/aYJrxYVLUE
2021-01-08 08:15:00,"Sprawd≈∫, gdzie w Radomiu i regionie bƒôdzie mo≈ºna zaszczepiƒá siƒô na COVID-19: https://t.co/R9ytgL134W

#radom‚Ä¶ https://t.co/DuMM1gkYKn"
2021-01-08 06:54:51,Kolejna Focia @MICHALESISZ  #michallesisz #radom #mojemiasto #mojpokoj #mojdom #weekend #styczen #2021 #ja #piatek‚Ä¶ https://t.co/iWxWTw0t2r
2021-01-07 19:04:27,Prokuratura umorzy≈Ça #≈õledztwo dotyczƒÖce by≈Çych szef√≥w komisariatu w #Radom.iu. Mia≈Ço nie doj≈õƒá do‚Ä¶ https://t.co/VDbw1i5Xp7
2021-01-07 18:35:15,"#kryminalnaPolska #Areszt≈öledczy #Polska #A≈ö 
Najwiƒôksze Areszty ≈öledcze w Polsce:
1 A≈ö #Warszawa-Bia≈Ço≈Çƒôka
2 A≈ö‚Ä¶ https://t.co/NWC8AJQPC1"
2021-01-07 11:49:41,"VI edycja Nagrody Gombrowicza. Zg≈Çoszenia do ko≈Ñca stycznia: https://t.co/kkpv87YDOK

#radom #radom24 https://t.co/IpPCbMbWrg"
2021-01-07 10:45:56,Onkolodzy z #Radom apelujƒÖ: chorzy na raka powinni do≈ÇƒÖczyƒá do pierwszej grupy os√≥b szczepionych przeciwko #COVID19‚Ä¶ https://t.co/yxpdTSe7Ab
2021-01-07 10:20:00,Ponad 920 tysiƒôcy z≈Çotych ‚Äì o tyle spad≈Çy wp≈Çywy z op≈Çat za post√≥j w Strefie P≈Çatnego Parkowania Niestrze≈ºonego w‚Ä¶ https://t.co/a9TbIDcsXJ
2021-01-07 08:35:41,Ostatniej doby na #blogpi≈Çkarskamafia najchƒôtniej czytali≈õcie: Komisja Dyscyplinarna PZPN bez odpowiedzi od Radomia‚Ä¶ https://t.co/FutCjw0WIE
2021-01-07 08:26:15,"Nowy ambulans dla Radomskiej Stacji Pogotowia Ratunkowego: https://t.co/uskoJbE66O

#radom #radom24 https://t.co/gRZshsAwdf"
2021-01-07 08:11:45,"Mocna Rozmowa: Konrad Frysztak [WIDEO]

Go≈õciem w programie ""Mocna Rozmowa"" w https://t.co/L4Rdtmrmct by≈Ç‚Ä¶ https://t.co/x3XizPTbaq"
2021-01-06 17:24:34,Starostwo Powiatowe w Radomiu zachƒôca do wziƒôcia udzia≈Çu w konkursie ‚ÄûRoz≈õwietlony Powiat‚Äù. Mo≈ºna zg≈Çosiƒá iluminacj‚Ä¶ https://t.co/tml2FKeXPC
2021-01-06 14:58:23,Dwuminutowe nagranie ukazujƒÖce #Radom z czas√≥w II wojny ≈õwiatowej zyska≈Ço kolor. Wszystko dziƒôki zaanga≈ºowaniu ≈Åuka‚Ä¶ https://t.co/Jtq3FlW8fn
2021-01-06 14:19:32,W poniedzia≈Çek @1910radomiak rozegra pierwszy mecz w ePucharze Polski. Klub bƒôdƒÖ reprezentowali Micha≈Ç ‚ÄûRumcykPolan‚Ä¶ https://t.co/EmdQQL0B9P
2021-01-06 13:47:43,"Olga Nawara wraz z zespo≈Çem za≈õpiewa≈Ça kolƒôdƒô ‚ÄûMƒôdrcy ≈õwiata, monarchowie‚Äù z okazji dzisiejszej uroczysto≈õci Objawi‚Ä¶ https://t.co/gddqWawUX0"
2021-01-06 12:58:25,"Zamiast orszaku by≈Ça szopka. Radomianie pok≈Çonili siƒô Jezusowi przy placu Corazziego.

https://t.co/3BxZxkjMYH

#TrzechKr√≥li #Radom"
2021-01-06 10:10:06,10 nowocze≈õnie wyposa≈ºonych #ambulans√≥w marki #Volkswagen trafi≈Ço do 5 #mazowieckich stacji pogotowia ratunkowego w‚Ä¶ https://t.co/tNl5G3fMAt
2021-01-06 09:14:06,"Czas na kolejne zdjƒôcie , dzi≈õ jest trzech kr√≥li ,a tu jeden kr√≥l @MICHALESISZ #michallesisz #mojpokoj #mojdom‚Ä¶ https://t.co/uKNLCftUWh"
2021-01-06 08:50:29,Ostatniej doby na #blogpi≈Çkarskamafia najchƒôtniej czytali≈õcie: Komisja Dyscyplinarna PZPN bez odpowiedzi od Radomia‚Ä¶ https://t.co/avxLBnDS4j
2021-01-05 22:44:35,"Pierwsze kroki w Radomiu by≈Çy do @RadomskaKatedra , kolejne do Kurii Biskupiej i do @WSDRadom . By≈Ço r√≥wnie≈º spotka‚Ä¶ https://t.co/405Yq7omNi"
2021-01-05 20:45:45,Obraz Stanis≈Çawa Lentza z poczƒÖtku XX wieku oraz XIX-wieczna srebrna cukiernica ‚Äì to dwa cenne nabytki #Muzeum im.‚Ä¶ https://t.co/vsFR217eA5
2021-01-05 13:33:51,"Nowy sk≈Çad Rady Uczelni radomskiego Uniwersytetu: https://t.co/XKL43xpWmY

#radom #radom24 https://t.co/H8Xtpj0vXo"
2021-01-05 12:36:58,Istny cud w Radomiu üòÖ #cud #uzdrowienie #Alkohol #radom #alkotwitter https://t.co/w8dJMaNr3E
2021-01-05 11:56:19,"Mocna Rozmowa: Marek Suski [WIDEO]

Go≈õciem w programie ""Mocna Rozmowa"" w https://t.co/L4Rdtmrmct by≈Ç @mareksuski,‚Ä¶ https://t.co/0CUj98BKkI"
2021-01-05 11:04:24,#pomagamy  SamorzƒÖd wojew√≥dztwa #Mazowsze kupi≈Ç 10 nowych ambulans√≥w dla stacji pogotowia ratunkowego w #Ostroleka‚Ä¶ https://t.co/J2FRbqb9wX
2021-01-05 08:59:10,"Sprawdzili≈õmy jakie sƒÖ plany @GDDKiA wobec regionu #radom.skiego na rok 2021.

https://t.co/r81SbA1Nxi https://t.co/vUAg2bpdVW"
2021-01-05 07:46:30,"MZDiK podsumowuje rok w drogownictwie i komunikacji miejskiej: https://t.co/Hfq0r2h1Bn

#radom #radom24 https://t.co/kdwV97FRcs"
