2021-01-12 00:29:04,"Wiem, Å¼e decyzja jest trudna, a jej realizacja wymagajÄ…ca. ğŸŒ¶ï¸

Sam byÅ‚em ogromnym ""miÄ™soÅ¼ercÄ…"" i nie wyobraÅ¼aÅ‚em soâ€¦ https://t.co/vFSQLTv575"
2021-01-11 21:42:33,"@rraczkowska94 Od kilku lat jemy obiad na Å›niadanie codziennie , zawsze bez miÄ™sa. W skÅ‚adzie warzywa w rÃ³Å¼nych werâ€¦ https://t.co/snDtqEfSOc"
2021-01-11 15:55:09,"Hej @gingercat.eu @avdotiaPL dzisiaj w menu Vege Fish Cheesee Burger Aquamana, a wszystko dziÄ™ki @vivera_dania_wegeâ€¦ https://t.co/Gk7uzqwCye"
2021-01-11 09:48:33,"Artistique Polska profesjonalne wegaÅ„skie kosmetyki do pielÄ™gnacji wÅ‚osÃ³w z serii Orchid ğŸŒ¿ 
WiÄ™cej informacji ğŸ‘‡â€¦ https://t.co/BmmuJUEOph"
2021-01-11 07:40:36,"Wiecie, Å¼e dzisiaj jest Åšwiatowy DzieÅ„ Wegetarianizmu?  ğŸ˜„ 
Kto Å›wiÄ™tuje palec do budki ğŸ™‹â€â™€ï¸

ğŸ¶ğŸ±ğŸ¹ğŸ»ğŸ¦ŠğŸ¦ğŸ·ğŸ¼ğŸ¨ğŸ½ğŸ¸ğŸ¯ğŸµğŸ§ğŸ¤ğŸ£ğŸ¦ğŸ¦…ğŸ¦†ğŸ¥ğŸ¦‡ğŸ¦‰â€¦ https://t.co/MYWQIHmGjP"
2021-01-09 20:23:53,"@murzynfrog Bo generalnie miÄ™sa powinno siÄ™ jeÅ›Ä‡ niewiele, a oprzeÄ‡ dietÄ™ o warzywa i ryby.
Za to jak julki marudzÄ…â€¦ https://t.co/J5jDW0wur1"
2021-01-09 14:28:21,Åšniadanie podane ğŸ½ mozna bez cierpienia zwierzÄ…t â˜€ï¸ #vege Kolding ğŸ‡©ğŸ‡°ğŸ‡ªğŸ‡º https://t.co/93mrc6Bjv1
2021-01-08 22:14:23,"JeÅ›li wilk na Ukrainie poÅ¼era owce, to ten sam #wilk przed wyjazdem z Polski byÅ‚ #vege?
NaturÄ… wilka jest poÅ¼eraÄ‡ oâ€¦ https://t.co/KcJkLigyIF"
2021-01-08 17:51:10,1 rok bycia #vege ğŸ‰ https://t.co/rwrNySaZpQ
2021-01-06 18:03:16,"Jeden Å›wiat w 2 wersjach, czyli #boeufstrogonow i boeufstrogonow w wersji #vege, czyli... #pleurotesstrogonow.
KtÃ³râ€¦ https://t.co/WU7RRBscJh"
2021-01-06 17:26:52,"CoÅ› dla #vege. 
BrokuÅ‚y, buraki, ser saÅ‚atkowy, 1/3 awokado (pozwalam sobie bardzo rzadko) sos serowy, czarnuszka iâ€¦ https://t.co/YCnjZsfOgL"
2021-01-05 19:13:22,"@emem_pl Niech zrobi stek z rostbefu #vege to mnie namÃ³wi ğŸ˜

P.S. PÃ³Å‚surowy poproszÄ™!"
2021-01-05 11:42:11,"We started!
""Development of innovative bioactive fermented vegan food products from selected oil cakes available onâ€¦ https://t.co/f03thMz2P7"
2021-01-05 07:56:03,"@S_Wikariak Panu Januszowi chodzi o to, Å¼e te dane przekÅ‚adajÄ… siÄ™ na mniejszÄ… sprzedaÅ¼ wÃ³dki, o ktÃ³rej pisaÅ‚ niedaâ€¦ https://t.co/9aA6ds8WeM"
