2021-01-12 11:02:57,"Czy wiesz, Å¼e kazuar... #birds #lodz https://t.co/LT9nB1svXI"
2021-01-12 11:00:23,Pogoda dziÅ› w #Å‚Ã³dÅº: Cloudy. Temperatura min: -2 Â°C max: 0 Â°C. https://t.co/pqup81KreO #lodz
2021-01-12 11:00:16,"ğŸ‡µğŸ‡± @RTS_Widzew_Lodz rozpoczÄ…Å‚ rekrutacjÄ™ na stanowisko kierownika sklepu stacjonarnego oraz sprzedaÅ¼y on-line.

WiÄ™â€¦ https://t.co/cTzqij2Qxg"
2021-01-12 10:43:57,"Gif oparty na naszych dwÃ³ch zdjÄ™ciach do znalezienia na Twitterze, po wpisaniu â€nasze miastoâ€ w wyszukiwarkÄ™ gifÃ³wâ€¦ https://t.co/sLv0ftsBPi"
2021-01-12 10:13:24,"JesieÅ„ czy zima? Co wybieracie? 
ğŸ“·Tomek Firek
#Lodz https://t.co/XjL7oeoQSs"
2021-01-12 09:35:17,"ğŸ’‰ Szpital Jonschera wystÄ…piÅ‚ o dodatkowÄ… dostawÄ™ szczepionek jeszcze w tym tygodniu, Å¼eby mÃ³c szczepiÄ‡ w weekend. Nâ€¦ https://t.co/BNFF2WhEd1"
2021-01-12 09:09:01,ğŸ’‰ W szpitalu Jonschera nadal trwajÄ… szczepienia grupy 0. Do wczoraj zaszczepiono 1513 osÃ³b. #SzczepimySiÄ™ #ÅÃ³dÅº
2021-01-12 09:06:03,"#ÅÃ“DÅ¹
Aktualna #MAPA korkÃ³w przekraczajÄ…cych 10 min.

âš ï¸ #Korkometr: 4/12
ğŸ•™ Godzina: 10:00

#Traffic #AutoMapaAlertâ€¦ https://t.co/ioSJOQaOyf"
2021-01-12 08:06:03,"#ÅÃ“DÅ¹
Oto aktualny #KorkometrÅÃ“DÅ¹

âš ï¸ #Korkometr: 4/12
ğŸ•˜ Godzina: 09:00
ğŸš¦Aktualne czasy dojazdu do Centrum i listaâ€¦ https://t.co/0mvfKynk1l"
2021-01-12 07:06:03,"#ÅÃ“DÅ¹
Aktualna #MAPA korkÃ³w przekraczajÄ…cych 10 min.

âš ï¸ #Korkometr: 6/12
ğŸ•— Godzina: 08:00

#Traffic #AutoMapaAlertâ€¦ https://t.co/WZYAvPNOR2"
2021-01-12 07:00:57,Pogoda dziÅ› w #Å‚Ã³dÅº: Partly Cloudy. Temperatura min: -2 Â°C max: 1 Â°C. https://t.co/pqup81KreO
2021-01-12 06:38:33,DziÅ› w #Polska sporo sÅ‚oÅ„ca i lekki mrÃ³z. Na zdjÄ™ciu od sÅ‚uchacza #RadioZET wschÃ³d sÅ‚oÅ„ca z trasy pociÄ…gu #Warszawaâ€¦ https://t.co/rd3Wv5o9H2
2021-01-11 21:49:26,"W kwestii wysokoÅ›ci podwyÅ¼ek cen za wywÃ³z Å›mieci w Åodzi zdecydowanie prawdziwe jest powiedzenie ""Gdzie dwÃ³ch Polakâ€¦ https://t.co/qnd6LDuxnP"
2021-01-11 21:00:27,Pogoda jutro #Å‚Ã³dÅº: PM Snow. Temperatura min: -2 Â°C max: 1 Â°C. https://t.co/pqup81KreO #lodz
2021-01-11 20:49:29,"Czy uda siÄ™ wypracowaÄ‡ porozumienie w sprawie wÄ™zÅ‚a TeofilÃ³w na #S14? #ÅÃ³dÅº
https://t.co/H1CnyWXWeB"
2021-01-11 18:59:54,CzeÅ›Ä‡ Jego PamiÄ™ci! ğŸ‡µğŸ‡± #ArmiaKrajowa #ÅÃ³dÅº https://t.co/xxSifsaw91
2021-01-11 18:29:17,"ByÄ‡ dobrym...
@Sw_Urszula @SzareCentrum #urszulankiSJK #Lodz #MysliswUrszuli #UrszulaLedÃ³chowska #szareurszulankiâ€¦ https://t.co/Nnk53zYYPt"
2021-01-11 18:22:35,#ÅÃ³dÅº: Åšmiertelna ofiara poÅ¼aru na parterze kamienicy przy ul. Jaracza. To 58-letni lokator. PrawdopodobnÄ… przyczynâ€¦ https://t.co/ymRKKFJDvy
2021-01-11 18:20:49,RzÄ…d buduje drogÄ™ ekspresowÄ… S14 bez zjazdu do Åodzi na Teofilowie. To jest absurd. Mamy propozycje: wybudujcie norâ€¦ https://t.co/3JDhfbUuCR
2021-01-11 18:16:58,"Czytamy program TV i tu taki reportaÅ¼ o naszej Parafi w TVP 2 - jutro (wtorek 12.01) godz. 6.55. 
Ps. Nie mieliÅ›myâ€¦ https://t.co/Cv5SQc2gqS"
2021-01-11 18:06:02,"#ÅÃ“DÅ¹
Aktualna #MAPA korkÃ³w przekraczajÄ…cych 10 minut

âš ï¸ #Korkometr: 3/12
ğŸ•– Godzina: 19:00

#Trafficâ€¦ https://t.co/qXj0YycbdK"
2021-01-11 17:55:48,"#A1 #kujawskopomorskie w. #Kowal - w. #Kutno PÃ³Å‚noc (km 228+900): doszÅ‚o do awarii samochodu ciÄ™Å¼arowego, zablokowaâ€¦ https://t.co/A66hBPhhLk"
2021-01-11 17:43:42,#Wypadek na #A1 na trasie #ToruÅ„ - #ÅÃ³dÅº pomiÄ™dzy wÄ™zÅ‚ami Kowal i #Kutno PÃ³Å‚noc. Jeden pas ruchu jest zablokowany.â€¦ https://t.co/usG1bvjZHz
2021-01-11 17:32:00,"Kolejny Å›miertelny poÅ¼ar w tym roku w #ÅÃ³dÅº #poÅ¼ar
https://t.co/6BAMQrWJC9"
2021-01-11 17:06:03,"#ÅÃ“DÅ¹
Oto aktualny #KorkometrÅÃ“DÅ¹

âš ï¸ #Korkometr: 5/12
ğŸ•• Godzina: 18:00
ğŸš¦Aktualne czasy dojazdu z Centrum i lista nâ€¦ https://t.co/b5UWzxOQCx"
2021-01-11 17:05:24,"Znana firma sprawdzi siÄ™ jako zarzÄ…dca paÅ‚acu.
#ÅÃ³dÅº #zabytek #Monnari #rewitalizacja
https://t.co/9pvvexaO7q https://t.co/MsxTAUhQxr"
2021-01-11 16:58:49,"Ryanair zawiesiÅ‚ wiÄ™kszoÅ›Ä‡ lotÃ³w z Polski. To oznacza brak poÅ‚Ä…czeÅ„ z #ÅÃ³dÅº @LodzAirport 
https://t.co/9Ll59tI0hj"
2021-01-11 16:54:22,PoÅ¼egnaliÅ›my dziÅ› Tadeusza BaraÅ„skiego ps. Tatar Å¼oÅ‚nierza Armii Krajowej i inicjatora budowy pomnika AK w Åodzi. Câ€¦ https://t.co/a65Yg9Xvtk
2021-01-11 16:15:23,"Sprzedam ! ! ! 
https://t.co/NHPZhqkzed

#Poland 
#Niemcy 
#Polska
#Warszawa
#KrakÃ³w
#ÅÃ³dÅº
#WrocÅ‚aw
#PoznaÅ„
#GdaÅ„skâ€¦ https://t.co/gW6ohDxRw1"
2021-01-11 16:06:03,"#ÅÃ“DÅ¹
Aktualna #MAPA korkÃ³w przekraczajÄ…cych 10 minut

âš ï¸ #Korkometr: 8/12
ğŸ•” Godzina: 17:00

#Trafficâ€¦ https://t.co/BXZADg9xAx"
2021-01-11 15:32:22,Na KsiÄ™Å¼ym MÅ‚ynie dzieÅ„ dobiega koÅ„ca. #ÅÃ³dÅº https://t.co/axymXPeFEo
2021-01-11 15:06:02,"#ÅÃ“DÅ¹
Oto aktualny #KorkometrÅÃ“DÅ¹

âš ï¸ #Korkometr: 8/12
ğŸ•“ Godzina: 16:00
ğŸš¦Aktualne czasy dojazdu z Centrum i lista nâ€¦ https://t.co/2vBWPSCSgc"
2021-01-11 14:50:52,"Na Sienkiewicza 26 po wojnie byÅ‚a jaskinia milicyjnego hazardu, po rewitalizacji bÄ™dÄ… biura i restauracje ğŸ™‚ Bierzemâ€¦ https://t.co/U6sXHDrQz4"
2021-01-11 14:48:21,"Na Sienkiewicza 26 po wojnie byÅ‚a jaskinia milicyjnego hazardu, po rewitalizacji bÄ™dÄ… biura i restauracje ğŸ™‚ Bierzemâ€¦ https://t.co/ZiqGtPBlOJ"
2021-01-11 13:57:34,Lepszy dostÄ™p do kolei w #ÅÃ³dÅº. Wygodniejsze podrÃ³Å¼e zapewniajÄ… odnowione przystanki m. in. ÅÃ³dÅº Marysin i ÅÃ³dÅº Oleâ€¦ https://t.co/XSwsNzOdy1
2021-01-11 13:22:00,"Koncert w Dubaju. Rockmani z KISS rekordzistami Guinessa! [WIDEO]
#KISS2020Goodbye #GuinessWorldRecords #koncertâ€¦ https://t.co/JtEubRwIci"
2021-01-11 13:06:06,#Wypadek na #A1 na trasie #ÅÃ³dÅº - #ToruÅ„ pomiÄ™dzy wÄ™zÅ‚ami #Kutno WschÃ³d i Kutno PÃ³Å‚noc. Droga w obu kierunkach jestâ€¦ https://t.co/Cdizn4fQJV
2021-01-11 11:25:03,"Plany sÄ… po to, aby je realizowaÄ‡, wiÄ™c w ramach Planu dla Osiedli wyremontowaliÅ›my ul. Gajcego. ğŸ™‚ UÅ‚oÅ¼ona zostaÅ‚aâ€¦ https://t.co/BNZ6UdYYLx"
2021-01-11 11:10:02,"Ktokolwiek widziaÅ‚ ktokolwiek wie. Gdzie w #ÅÃ³dÅº moÅ¼na kupiÄ‡ kieliszki do #Whiskey na miejscu, takie jak na zdjÄ™ciu. https://t.co/hHVQZ9o4bG"
2021-01-11 11:01:19,Pogoda dziÅ› w #Å‚Ã³dÅº: Mostly Cloudy. Temperatura min: -4 Â°C max: 0 Â°C. https://t.co/pqup81KreO #lodz
2021-01-11 09:38:47,ğŸ’‰ Po dzisiejszej dostawie szczepionek (105 ampuÅ‚ek - 630 dawek) wznowiono szczepienia w szpitalu Jonschera wÅ›rÃ³d grâ€¦ https://t.co/24dgjs2a3g
2021-01-11 09:06:02,"#ÅÃ“DÅ¹
Aktualna #MAPA korkÃ³w przekraczajÄ…cych 10 min.

âš ï¸ #Korkometr: 4/12
ğŸ•™ Godzina: 10:00

#Traffic #AutoMapaAlertâ€¦ https://t.co/fdM38fhwF4"
2021-01-11 08:57:17,Asko Electric to zespÃ³Å‚ skÅ‚adajÄ…cy siÄ™ z najlepszych specjalistÃ³w w swojej dziedzinie. Wieloletnie doÅ›wiadczenie orâ€¦ https://t.co/aGDA8x8x1N
2021-01-11 08:34:37,ğŸ“£ 14.01 w godzinach 11-13 odbÄ™dzie siÄ™ bezpÅ‚atne spotkanie online z ekspertami I OddziaÅ‚u #ZUS #ÅÃ³dÅº. Tematami spotâ€¦ https://t.co/UrQKSIvAk1
2021-01-11 08:10:00,PorzÄ…dkowanie ÅšrÃ³dmieÅ›cia w Åodzi. Taka maÅ‚a #rewitalizacja? 11 stycznia 1967. Odszukajcie swoje miejsca i porÃ³wnajâ€¦ https://t.co/8Avw0yyMhP
2021-01-11 08:06:02,"#ÅÃ“DÅ¹
Oto aktualny #KorkometrÅÃ“DÅ¹

âš ï¸ #Korkometr: 3/12
ğŸ•˜ Godzina: 09:00
ğŸš¦Aktualne czasy dojazdu do Centrum i listaâ€¦ https://t.co/2ZilbWUMLF"
2021-01-11 07:37:59,#Kolizja w #ÅÃ³dÅº na skrzyÅ¼owaniu al. Bartoszewskiego (#DK91) z ul. PryncypalnÄ…. MoÅ¼liwe #utrudnienia w ruchu. #Å‚Ã³dzkie
2021-01-11 07:09:04,Pogoda dziÅ› w #Å‚Ã³dÅº: Fog. Temperatura min: -4 Â°C max: -1 Â°C. https://t.co/pqup81KreO
2021-01-11 07:08:12,#Wypadek na #A1 na trasie #ToruÅ„ - #ÅÃ³dÅº pomiÄ™dzy wÄ™zÅ‚ami Kowal i #Kutno PÃ³Å‚noc. Droga jest zablokowana. #utrudnienia #kujawskopomorskie
2021-01-11 07:06:03,"#ÅÃ“DÅ¹
Aktualna #MAPA korkÃ³w przekraczajÄ…cych 10 min.

âš ï¸ #Korkometr: 5/12
ğŸ•— Godzina: 08:00

#Traffic #AutoMapaAlertâ€¦ https://t.co/twncqXRIWl"
2021-01-10 21:20:56,"Jest przecudownie! Moja ÅÃ³dÅº. Moje miasto. ğŸ˜

#Lodz #KochamLodz https://t.co/gJoWDKRY8p https://t.co/jhdYygpRDj"
2021-01-10 21:00:10,Pogoda jutro #Å‚Ã³dÅº: Partly Cloudy. Temperatura min: -6 Â°C max: -2 Â°C. https://t.co/pqup81KreO #lodz
2021-01-10 18:30:06,MaÅ‚y pozytyw w natÅ‚oku negatywnych informacji z zeszÅ‚ego roku. Magistrat zrealizowaÅ‚ w 2020 plan sprzedaÅ¼y nieruchoâ€¦ https://t.co/KQh48p1XKo
2021-01-10 18:22:31,"Trzeba przyznaÄ‡, Å¼e Piotrkowska w tym roku wyglÄ…da bajecznie, szczegÃ³lnie w zimowym anturaÅ¼u. Iluminacje bÄ™dzie moÅ¼â€¦ https://t.co/7kOa82Xc99"
2021-01-10 17:55:08,Z drogi Å›ledzie! #ÅÃ³dÅº #Piotrkowska #tram #nightphotography #blackandwhitephoto #winter https://t.co/T7B3A57xXU
2021-01-10 17:29:22,"KsiÄ™Å¼y MÅ‚yn jak zwykle wygrywa klimatem
ğŸ“·Robert Ski
#Lodz https://t.co/gwZ1jV0O0x"
2021-01-10 16:40:30,"Adam Nasielski â€WÄ™gierska awantura. Narzeczona z kontrwywiaduâ€

https://t.co/odY8Xbja8o 

#wydawnoctwoCM #kryminaÅ‚â€¦ https://t.co/rVH6EG1EoL"
2021-01-10 15:59:12,"Niedziela Chrztu PaÅ„skiego 2021
@Sw_Urszula #urszulankiSJK #ChrzestPaÅ„ski #Lodz #urszulaledochowska https://t.co/v51HzMwuGO"
2021-01-10 15:35:17,ğŸ’‰ Jeszcze raz. Dla porÃ³wnania. Å»eby zobrazowaÄ‡ temat. W ÅšwiÄ™to Trzech KrÃ³li w samym tylko szpitalu miejskim w Åodziâ€¦ https://t.co/ReLGkuAHXe
2021-01-10 15:01:00,"Zimno? Jakie zimno ğŸ˜‰ Dla MorsÃ³w w Åodzi sezon na kÄ…piele trwa caÅ‚y rok
#Lodz https://t.co/VM4VafrSHX"
2021-01-10 12:02:50,ÅÃ³dÅº zakupy online wiadomoÅ›ci Å‚Ã³dzkie - z dostawÄ… do domu Kolumna24 &gt;&gt; https://t.co/EafvLmGOZf &lt;&lt; #ÅÃ³dÅº #wiadomoÅ›ciâ€¦ https://t.co/JBAtyhCWIA
2021-01-10 11:00:54,Pogoda dziÅ› w #Å‚Ã³dÅº: Cloudy. Temperatura min: -4 Â°C max: 0 Â°C. https://t.co/pqup81KreO #lodz
2021-01-10 09:40:43,Muzyka zimowa ğŸ“¸ #Rubinstein #ÅÃ³dÅº #Piotrkowska https://t.co/UK5gfERufQ
2021-01-10 08:55:57,#ÅÃ³dÅº znalazÅ‚a siÄ™ na liÅ›cie 21 miejsc polecanych do odwiedzenia w 2021 rokuÂ @guardianÂ â¡ï¸Â https://t.co/Z1NU8EGWPlâ—â€¦ https://t.co/slDhS6epsq
2021-01-10 08:31:16,@JanSliwa @poselTTrela #ÅÃ³dÅº siÄ™ wstydzi za to indywiduum...
2021-01-10 07:10:00,"Skandal wÅ›rÃ³d milionerÃ³w Å‚Ã³dzkich. OÅ›wiadczyny, czarna polewka, a pÃ³Åºniej szantaÅ¼ i ucieczka z pannÄ… mÅ‚odÄ… w kierunâ€¦ https://t.co/tKGvYAC26e"
2021-01-10 07:01:14,Pogoda dziÅ› w #Å‚Ã³dÅº: Cloudy. Temperatura min: -4 Â°C max: 0 Â°C. https://t.co/pqup81KreO
2021-01-10 00:04:29,"Zapraszamy na niedzielne naboÅ¼eÅ„stwo o godz. 10:00. Transmisja YouTube: 
https://t.co/ClvGwqMZHg

#Epifaniaâ€¦ https://t.co/A1yKYfHj97"
2021-01-09 21:00:43,Pogoda jutro #Å‚Ã³dÅº: Cloudy. Temperatura min: -4 Â°C max: -1 Â°C. https://t.co/pqup81KreO #lodz
2021-01-09 19:28:50,Cmentarz ewangelicki... #ÅÃ³dÅº #Ogrodowa https://t.co/GyS1hB6n82
2021-01-09 19:27:05,#ÅÃ³dÅº: wniosek do Regionalnej Izby Obrachunkowej o uniewaÅ¼nienie podwyÅ¼ki za odbiÃ³r Å›mieci https://t.co/hNHDxnP67q
2021-01-09 17:07:08,"Halo #ÅÃ³dÅº! DzwoÅ„cie, piszcie pytajcie! :)
@LKS_Lodz @radiolodz 

https://t.co/l0hxcX1744"
2021-01-09 16:25:31,"@ESKA_INFO #ÅÃ³dÅº zajÄ™Å‚a siÄ™ tematem powrotem #rowerÃ³w publicznych. Czy to dobre rozstrzygniÄ™cie, czy bÄ™dÄ… roweryâ€¦ https://t.co/fZZyal9hcF"
2021-01-09 15:40:46,"Nowy rok - nowy dyÅ¼ur. ğŸ˜‰

""...Ja chcÄ™, Å¼eby moja ÅÃ³dÅº rosÅ‚a, Å¼eby miaÅ‚a paÅ‚ace wspaniaÅ‚e, ogrody piÄ™kne, Å¼eby byÅ‚ wâ€¦ https://t.co/rddKBUGRXB"
2021-01-09 15:13:14,#Wypadek na #S8 na trasie #ÅÃ³dÅº - #WrocÅ‚aw pomiÄ™dzy wÄ™zÅ‚ami #Sieradz PoÅ‚udnie i ZÅ‚oczew. Jeden pas ruchu jest zabloâ€¦ https://t.co/5P6XWo4Svs
2021-01-09 15:11:08,#S8 #ÅÃ³dÅº - #KÄ™pno: samochÃ³d osobowy uderzyÅ‚ w bariery miÄ™dzy wÄ™zÅ‚ami #Sieradz PoÅ‚udnie i #ZÅ‚oczew (154. km). Prawyâ€¦ https://t.co/5Pi7LfRmmX
2021-01-09 15:06:09,"ğŸ¥ Trwa remont w jednej z naszych przychodni na ÅšrÃ³dmieÅ›ciu  (PrÃ³chnika 11). Na parterze bÄ™dzie nowa rejestracja, dwâ€¦ https://t.co/xEnCtaJZwn"
2021-01-09 15:05:49,"Gucci postanowiÅ‚o ubraÄ‡ kamienicÄ™ w Mediolanie wiÄ™c my ubraliÅ›my fabrykÄ™ w Åodzi ğŸ˜‰
#Lodz https://t.co/NHZcIjn5M4"
2021-01-09 13:50:27,ÅÃ³dÅº jest fajna. KsiÄ™Å¼y MÅ‚yn teÅ¼. #ÅÃ³dÅº #architecturephoto #cityphoto https://t.co/i2zWIwX909
2021-01-09 12:18:30,#ÅÃ³dÅº 9 stycznia 1921 https://t.co/1EgHjuJ1po
2021-01-09 11:13:03,"Elegantka ğŸ™‚ Kamienica przy Piotrkowskiej 211 cieszy oko odnowionÄ… elewacjÄ…
#Lodz https://t.co/qDdWUPseuQ"
2021-01-09 11:06:25,"ğŸ’‰ Nie wiesz, gdzie bÄ™dÄ… punkty szczepieÅ„ w Twojej okolicy? SprawdÅº! Obecnie ma ich byÄ‡ 430 w wojewÃ³dztwie, w tym 13â€¦ https://t.co/TDE6WDwvMl"
2021-01-09 11:00:47,Pogoda dziÅ› w #Å‚Ã³dÅº: Snow Shower. Temperatura min: -4 Â°C max: 1 Â°C. https://t.co/pqup81KreO #lodz
2021-01-09 11:00:39,"ğŸ¦  Nie znam ogÃ³lnych prognoz, ale patrzÄ…c na sytuacjÄ™ epidemicznÄ… w moim sektorze, to przeÅ¼ywamy wÅ‚aÅ›nie kolejnÄ… falâ€¦ https://t.co/VXi6HKDozx"
2021-01-09 10:57:01,ÅÃ³dÅº wiadomoÅ›ci lokalne Å‚Ã³dzkie portal informacyjny Kolumna24 &gt;&gt; https://t.co/pYXynhxgKM &lt;&lt;  #ÅÃ³dÅº #wiadomoÅ›ciâ€¦ https://t.co/pbTIsol2eH
2021-01-09 07:09:00,"#Nekrolog z gazety #RozwÃ³j 9 stycznia 1921 roku

#prasa #historia #ÅÃ³dÅº

@Miasto_Lodz @MMLodzi @HannaZdanowska https://t.co/XijVbexp5L"
2021-01-09 07:00:38,Pogoda dziÅ› w #Å‚Ã³dÅº: Cloudy. Temperatura min: -4 Â°C max: -1 Â°C. https://t.co/pqup81KreO
2021-01-08 23:04:00,"Want to work in #ÅÃ³dÅº, ÅÃ³dÅº Voivodeship? View our latest opening: https://t.co/PP8VO84aop #Sales"
2021-01-08 21:19:19,"#S8 #ÅÃ³dÅº - #Sieradz, w pobliÅ¼u m. Åask samochÃ³d osobowy zderzyÅ‚ siÄ™ z ciÄ™Å¼arowym. Zablokowany jest jeden pas w stronÄ™ WrocÅ‚awia"
2021-01-08 21:00:54,Pogoda jutro #Å‚Ã³dÅº: Cloudy. Temperatura min: -3 Â°C max: -1 Â°C. https://t.co/pqup81KreO #lodz
2021-01-08 20:36:08,"Pewnie wszyscy juÅ¼ wiecie, ale nigdy za wiele dobrych informacji o naszym mieÅ›cie. @guardian wskazaÅ‚ ÅÃ³dÅº jako jednâ€¦ https://t.co/SFYztiqhso"
2021-01-08 20:31:32,W przyszÅ‚ym tygodniu pierwsze posiedzenie Komitetu SterujÄ…cego ds. rozbudowy stadionu @LKS_Lodz w 2021 roku. #stadion #ÅÃ³dÅº
2021-01-08 20:20:34,"Nic dodaÄ‡, nic ujÄ…Ä‡. ğŸ“¸ #KochamÅÃ³dÅº #ÅÃ³dÅº #Piotrkowska https://t.co/d56aCL9Twr"
2021-01-08 20:18:52,ğŸ’‰ W szpitalu Jonschera w Åodzi na chwilÄ™ obecnÄ… zaszczepiono 1320 osoby (na 3822 zgÅ‚oszone w grupie 0). Czekamy naâ€¦ https://t.co/Ccm7AzQJmf
2021-01-08 19:24:32,"Opiekunie ÅšwiÄ™tej Rodziny...
#Sw_Urszula #UrszulaLedÃ³chowska #urszulankiSJK #MysliswUrszuli #Å›w_JÃ³zefâ€¦ https://t.co/1oIMBsa4me"
2021-01-08 19:06:00,Kadr na wieczÃ³r. #ÅÃ³dÅº @Miasto_Lodz  #NightPhotography https://t.co/IAq5BJFUIJ
2021-01-08 18:51:48,"Albo grubo, albo wcale. W tym roku na ul. WÅ‚Ã³kienniczej skoÅ„czymy rewitalizacjÄ™ 10 kamienic #lodz https://t.co/WLQZxAAqEP"
2021-01-08 18:42:46,#Wypadek na #A2 na trasie #ÅÃ³dÅº - #Warszawa za wÄ™zÅ‚em #Skierniewice. Zablokowany jest jeden pas ruchu. #utrudnienia #Å‚Ã³dzkie
2021-01-08 18:32:38,"#KRNnews
#ÅÃ³dÅº wÅ›rÃ³d miast polecanych przez â€The Guardianâ€â—

Na Å‚amach dziennika opublikowano listÄ™ 21 miejsc zlokaâ€¦ https://t.co/0PfdthpfDE"
2021-01-08 18:29:30,"Poniatoszczak w zimowej pierzynie

#lodz https://t.co/SeQQ7AVLF4"
